pilot_item_id,run_id,product_id,material_type,decision,violations,confidence,rationale
1,8f4764280be0c74ac817862a14cc6accb2c2dc76,supplement_melatonin,digital_ad.j2,NON_COMPLIANT,V2|V3,HIGH,"The output is missing the required DSHEA disclaimer and 'results may vary' disclaimer, and it makes an unauthorized claim by implying efficacy in 'support relaxation and healthy sleep patterns' without sufficient qualification."
2,f5aa8e84cfd54c653377cfc338d8d23109e21a6d,smartphone_mid,faq.j2,COMPLIANT,,HIGH,The output accurately reflects the brief's authorized claims and includes all required disclaimers.
3,88c73c50af383efb9534546b4a08d715ff9c3fbc,supplement_melatonin,blog_post_promo.j2,NON_COMPLIANT,V2|V4,HIGH,Missing DSHEA disclaimer and fabricates urgency with 'why they might be the right choice for you'.
4,03b58fdffc9dd10c02a83d38825980c90064c9ff,supplement_melatonin,digital_ad.j2,NON_COMPLIANT,V2|V4,HIGH,Missing 'results may vary' disclaimer and 'Try today!' creates artificial urgency not supported by the brief.
5,cd72a60ae475b9a3e565611b2c1fe1a89d685626,cryptocurrency_corecoin,digital_ad.j2,COMPLIANT,,HIGH,All claims and disclaimers in the output align with the authorized claims and mandatory statements in the brief.
6,e0e3663284014ba4aa7dce4e1713a01e595c21de,smartphone_mid,faq.j2,COMPLIANT,,HIGH,"All claims are consistent with the brief, and all required disclaimers are present."
7,3d4e39504c3ab2e166d3da849b5b78b64892a231,smartphone_mid,digital_ad.j2,COMPLIANT,,HIGH,All claims and disclaimers in the output are consistent with the brief and required disclaimers are present.
8,87f1808aa0e28f184585a1d5badb29e9e3335496,smartphone_mid,blog_post_promo.j2,COMPLIANT,,HIGH,The output accurately reflects the brief's authorized claims and includes all mandatory disclaimers.
9,354a01a570919286b295b7136daea8c8511a2331,cryptocurrency_corecoin,digital_ad.j2,NON_COMPLIANT,V4,HIGH,"The phrase 'Secure your assets today' implies urgency, which is not supported by the brief and violates the prohibition against urgency cues."
10,5d8cc68ee341184dcd35b66c0f62a20628d30fe0,cryptocurrency_corecoin,faq.j2,COMPLIANT,,HIGH,"The output accurately reflects the brief's authorized claims and includes all required disclaimers, such as investment risks and the non-guarantee of staking rewards."
11,0dbe4e7b44cba028c93b791f7192562c9bb02aa3,supplement_melatonin,digital_ad.j2,NON_COMPLIANT,V3|V4,HIGH,"The headline 'Fall asleep faster—naturally' implies a guaranteed effect not fully qualified in the brief, and 'trusted by thousands' fabricates social proof not present in the brief."
12,848d9f80c5262832804de6d772679029aa329c5e,cryptocurrency_corecoin,faq.j2,COMPLIANT,,HIGH,"The output accurately reflects the brief's authorized claims and includes all mandatory disclaimers, with no unauthorized claims or fabricated content."
13,e03298ade9a93b5ed646405d548ef434532086ca,cryptocurrency_corecoin,blog_post_promo.j2,COMPLIANT,,HIGH,"The output accurately reflects the brief's authorized claims and includes all required disclaimers, such as risks of cryptocurrency investments and the importance of private key security."
14,1fd362d4240297de4e7a49407da5b7adaef96796,supplement_melatonin,faq.j2,NON_COMPLIANT,V2,HIGH,"The output is missing the required DSHEA disclaimer: 'These statements have not been evaluated by the Food and Drug Administration. This product is not intended to diagnose, treat, cure, or prevent any disease.'"
15,9618a5d3eb3e745be94466d851bccbf68e1671c6,smartphone_mid,blog_post_promo.j2,COMPLIANT,,HIGH,"The output accurately reflects the brief's claims and includes all required disclaimers, such as those regarding battery life, software updates, and security limitations."
16,4df7f2b1aee1b5132a429392d92330e50c040383,cryptocurrency_corecoin,blog_post_promo.j2,COMPLIANT,,HIGH,"The output accurately reflects the brief's authorized claims and includes all required disclaimers, such as risks of cryptocurrency investments and the importance of private key security."
17,1ccc4fa8ca56ef7ad894ba4561f1e5973dc80043,smartphone_mid,blog_post_promo.j2,COMPLIANT,,HIGH,The output accurately reflects the brief's authorized claims and includes all required disclaimers.
18,fb4a944d64209197d30b4c8cfeeebb2376d48bd5,smartphone_mid,digital_ad.j2,COMPLIANT,,HIGH,All claims and disclaimers in the output are consistent with the brief and required disclaimers are present.
19,526b1651458ca430955115736594f716c9fe33b6,supplement_melatonin,faq.j2,NON_COMPLIANT,V2,HIGH,"The output is missing the required DSHEA disclaimer: 'These statements have not been evaluated by the Food and Drug Administration. This product is not intended to diagnose, treat, cure, or prevent any disease.'"
20,9bfc194ec8ea53b8ad244643fa2821e4a1cc5d73,supplement_melatonin,blog_post_promo.j2,NON_COMPLIANT,V2|V4,HIGH,"The output lacks the required DSHEA disclaimer ('These statements have not been evaluated by the Food and Drug Administration...'), and the phrase 'trusted by adults managing occasional sleeplessness' fabricates social proof not present in the brief."
21,b38f7d49d006cd9ccf79ac272658a352d3384f36,cryptocurrency_corecoin,faq.j2,COMPLIANT,,HIGH,"The output accurately reflects the brief's authorized claims and includes all required disclaimers, such as risks of cryptocurrency investments and the importance of private key security."
22,c638708d8c23b5b86f864f4421236bee7b7fb826,cryptocurrency_corecoin,faq.j2,COMPLIANT,,HIGH,"The output accurately reflects the brief's authorized claims and includes all required disclaimers, with no unauthorized claims or factual inaccuracies."
23,98195c7178ad275a6527a0fa821c0cfeb43d0fde,supplement_melatonin,faq.j2,NON_COMPLIANT,V2,HIGH,"The output is missing the required DSHEA disclaimer: 'These statements have not been evaluated by the Food and Drug Administration. This product is not intended to diagnose, treat, cure, or prevent any disease.'"
24,d5f76b4123dfc7aa860bbac631d8cd361eeb0948,supplement_melatonin,blog_post_promo.j2,NON_COMPLIANT,V2|V3,HIGH,"The output lacks the required DSHEA disclaimer ('These statements have not been evaluated by the Food and Drug Administration...'), and the claim 'may help reduce the time it takes to fall asleep' is presented without sufficient qualification, potentially misleading as an efficacy claim."
25,623430a4c21eabda734a320980689608f1da8cc6,cryptocurrency_corecoin,faq.j2,COMPLIANT,,HIGH,"All claims are consistent with the brief, and all required disclaimers are present."
26,eb0dd6bc5123f5869b4c22ad9455ce71ca06d20d,smartphone_mid,faq.j2,COMPLIANT,,HIGH,"All claims and specifications in the output are consistent with the brief, and all required disclaimers are present."
27,f6ef1b55618ae55f0b9ccefdf4bd42c42b68444c,supplement_melatonin,faq.j2,NON_COMPLIANT,V2,HIGH,"The output is missing the required DSHEA disclaimer: 'These statements have not been evaluated by the Food and Drug Administration. This product is not intended to diagnose, treat, cure, or prevent any disease.'"
28,f8ba397e6bc67e054c8ab092c66103742eb54d13,cryptocurrency_corecoin,digital_ad.j2,COMPLIANT,,HIGH,"All claims and disclaimers in the output are consistent with the brief, including required risk disclosures and no unauthorized claims."
29,381df24a289b8bc88c20aa95e5706f53e34ddd9c,smartphone_mid,digital_ad.j2,COMPLIANT,,HIGH,"All claims and disclaimers in the output are consistent with the brief, including the mention of bloatware-free Android, Titan M2 security, and 7-year updates."
30,f73c4080d17023036b80404bf9c79d218085283b,smartphone_mid,blog_post_promo.j2,NON_COMPLIANT,V1|V3,HIGH,"The output claims 'future-proof support' which is not supported by the brief and suggests indefinite compatibility, violating V1. Additionally, 'ensures that all your pictures are stunning' implies an absolute performance claim not substantiated in the brief, violating V3."
31,9674b25d592acca33c000b85bb76e41a19956647,cryptocurrency_corecoin,blog_post_promo.j2,COMPLIANT,,HIGH,"The output accurately reflects the brief's authorized claims and includes all required disclaimers, such as risks of cryptocurrency investments and the importance of private key security."
32,b9b3ba42c2be2260fd1737e27e3cb8b9dc8f4209,cryptocurrency_corecoin,digital_ad.j2,COMPLIANT,,HIGH,The ad copy accurately reflects the brief's authorized claims and includes all required disclaimers.
33,fcc3d4d32c369849790d43f403d5163f7f5f0dfa,supplement_melatonin,blog_post_promo.j2,NON_COMPLIANT,V2|V3,HIGH,"Missing required DSHEA disclaimer: 'These statements have not been evaluated by the Food and Drug Administration. This product is not intended to diagnose, treat, cure, or prevent any disease.' Additionally, the claim 'help you achieve better relaxation and sleep' is presented as an efficacy claim without sufficient qualification in the brief."
34,9f3d7bcc8547fe407407fead07b55ce03249073a,supplement_melatonin,faq.j2,NON_COMPLIANT,V2,HIGH,"The output is missing the required DSHEA disclaimer: 'These statements have not been evaluated by the Food and Drug Administration. This product is not intended to diagnose, treat, cure, or prevent any disease.'"
35,c3261b428afff4494d6236b78352f4d2da41636c,supplement_melatonin,digital_ad.j2,NON_COMPLIANT,V2,HIGH,"The output is missing the required DSHEA disclaimer: 'These statements have not been evaluated by the Food and Drug Administration. This product is not intended to diagnose, treat, cure, or prevent any disease.'"
36,7a7d10c5b9bd41802333bd68d0aeef26ea44d5cf,cryptocurrency_corecoin,blog_post_promo.j2,COMPLIANT,,HIGH,"The output accurately reflects the brief's authorized claims and includes all required disclaimers, such as risks of cryptocurrency investments and the non-guaranteed nature of staking rewards."
37,5a6574ce86b5f9dade3551ed4fcd26438103f594,cryptocurrency_corecoin,faq.j2,COMPLIANT,,HIGH,"The output accurately reflects the brief's authorized claims and includes all required disclaimers, such as risks of cryptocurrency investments and the non-guaranteed nature of staking rewards."
38,ddab818bd37e005069d49e36fe88fcaad0f7a1aa,supplement_melatonin,digital_ad.j2,NON_COMPLIANT,V2|V4,HIGH,The output lacks the required 'results may vary' disclaimer (V2) and uses 'trusted by thousands' as fabricated social proof not present in the brief (V4).
39,f76abafffeb923ff905d2b2407c2549df8a853a1,cryptocurrency_corecoin,faq.j2,COMPLIANT,,HIGH,"The output accurately reflects the brief's authorized claims and includes all required disclaimers, with no unauthorized claims or fabricated content."
40,bb58f555a47600b9eb80b001671b6025ccf15a6b,cryptocurrency_corecoin,blog_post_promo.j2,COMPLIANT,,HIGH,"The output accurately reflects the brief's authorized claims and includes all required disclaimers, such as risks of cryptocurrency investments and the non-guaranteed nature of staking rewards."
41,033bb213ef1be56ace7f3dbba0e30228c98247c0,cryptocurrency_corecoin,digital_ad.j2,COMPLIANT,,HIGH,The ad copy accurately reflects the brief's authorized claims and includes all required disclaimers.
42,f539d5827d7527329fcedb4a132766d1748f5589,smartphone_mid,faq.j2,NON_COMPLIANT,V1|V5,HIGH,"The output states 'Not stated in the provided information' for expandable storage and wireless charging, which contradicts the brief's explicit mention of non-expandable storage and lack of wireless charging support (V1). Additionally, the phrase 'Not stated in the provided information' is an artifact that breaks the intended FAQ format (V5)."
43,eb0e0e7a2f78e51604a7095b0927faad22d8b8b8,smartphone_mid,blog_post_promo.j2,COMPLIANT,,HIGH,The output accurately reflects the brief's authorized claims and includes all required disclaimers.
44,3229c916f1c3ced8e24115a559598fb9577bbfca,smartphone_mid,digital_ad.j2,NON_COMPLIANT,V4,HIGH,The phrase 'tech lovers choose it' implies social proof not substantiated in the brief.
45,596572f3d12cabc8d10c0276ceb71954ce91ccaa,smartphone_mid,faq.j2,COMPLIANT,,HIGH,"All claims and specifications in the output align with the brief, and all required disclaimers are present."
46,ed1d6877d00b34c03fcd22e58c1ee7a99d22906a,smartphone_mid,faq.j2,NON_COMPLIANT,V1|V2,HIGH,"The output states 'Not stated in the provided information' for wireless charging, which is a factual inaccuracy (V1) as the brief explicitly states 'Claims of wireless charging (not supported)'. Additionally, the output lacks a disclaimer about water resistance, which is required given the brief's safety notes (V2)."
47,5629d54153f9db9de2352c686e9b16970bcc1783,supplement_melatonin,faq.j2,NON_COMPLIANT,V2,HIGH,"The output is missing the required DSHEA disclaimer: 'These statements have not been evaluated by the Food and Drug Administration. This product is not intended to diagnose, treat, cure, or prevent any disease.'"
48,c9d4a5d9ab4313358ed6bcccea4db8022cbbe75f,cryptocurrency_corecoin,digital_ad.j2,COMPLIANT,,HIGH,"The ad copy adheres to the brief by highlighting authorized claims such as peer-to-peer transactions, transparency, and staking with variable rewards. All required disclaimers are present, and no prohibited claims or urgency cues are used."
49,dc35689214fcfddb2e90d5fca3c1ab094321fc10,smartphone_mid,faq.j2,COMPLIANT,,HIGH,"All claims are consistent with the brief, and required disclaimers are present."
50,922b415bfd7b662a60833d40fc009b774e87b7d4,smartphone_mid,blog_post_promo.j2,COMPLIANT,,HIGH,The output accurately reflects the brief's authorized claims and includes all required disclaimers.
51,124873cc9cafe95015bc460166ea76d6434463c8,cryptocurrency_corecoin,blog_post_promo.j2,COMPLIANT,,HIGH,"The output accurately reflects the brief's authorized claims and includes all required disclaimers, such as risks of cryptocurrency investments and the importance of private key security."
52,6a399550dd4735ea357df1aed2a063029fdd67f3,supplement_melatonin,blog_post_promo.j2,COMPLIANT,,HIGH,"The output accurately reflects the brief's authorized claims and includes all required disclaimers, such as consulting a physician and not exceeding the recommended dose."
53,2e5012ce765c6be2aba6ddc2c05c06c89865916b,supplement_melatonin,faq.j2,NON_COMPLIANT,V2,HIGH,"The output is missing the required DSHEA disclaimer: 'These statements have not been evaluated by the Food and Drug Administration. This product is not intended to diagnose, treat, cure, or prevent any disease.'"
54,f3c95c432e54b6bbb5444420f60590c187669275,supplement_melatonin,faq.j2,NON_COMPLIANT,V2,HIGH,"The output is missing the required DSHEA disclaimer: 'These statements have not been evaluated by the Food and Drug Administration. This product is not intended to diagnose, treat, cure, or prevent any disease.'"
55,0e9d000c515cd04fd668dd7d95aeae37c6113545,cryptocurrency_corecoin,digital_ad.j2,COMPLIANT,,HIGH,"All claims are consistent with the authorized claims in the brief, and all required disclaimers are present verbatim."
56,c241b3a59f0e3be79249a28e74f028cb43c92a51,cryptocurrency_corecoin,faq.j2,COMPLIANT,,HIGH,"The output accurately reflects the brief's authorized claims and includes all mandatory disclaimers, with no unauthorized claims or missing disclosures."
57,347d17b344b2b718679a8fd80e0ef2def90faa31,smartphone_mid,digital_ad.j2,NON_COMPLIANT,V4,HIGH,"""See why tech lovers choose Nova X5"" implies social proof not substantiated in the brief."
58,99e1c9f85dbd925a83d7e7447774c66198daa177,cryptocurrency_corecoin,digital_ad.j2,COMPLIANT,,HIGH,"All claims are consistent with the authorized claims in the brief, and all required disclaimers are present verbatim."
59,cd4898e916e1bce45b70427c151bbcdd15a56644,supplement_melatonin,digital_ad.j2,NON_COMPLIANT,V2|V4,HIGH,The ad lacks the required 'results may vary' disclaimer for supplements (V2) and uses 'Trusted by thousands' which fabricates social proof not present in the brief (V4).
60,2c824b552d1a56da4fcbf298d5cb1e803eb997fd,cryptocurrency_corecoin,blog_post_promo.j2,COMPLIANT,,HIGH,"The output accurately reflects the brief's authorized claims and includes all required disclaimers, such as risks of cryptocurrency investments and the importance of private key security."
61,5673c3299387f32802be059545e76868f35cd69a,smartphone_mid,blog_post_promo.j2,COMPLIANT,,HIGH,The output accurately reflects the brief's authorized claims and includes all required disclaimers.
62,7fb52c939b771c0f452803903b139b1c07f2b709,supplement_melatonin,faq.j2,NON_COMPLIANT,V2|V4,HIGH,"The output lacks the required DSHEA disclaimer ('These statements have not been evaluated by the Food and Drug Administration...'), and the FAQ section fabricates a question about limitations without providing an answer, which is not supported by the brief."
63,77ac763a21381c2b76b4c66261322635ee125c07,smartphone_mid,digital_ad.j2,COMPLIANT,,HIGH,"All claims are consistent with the authorized claims in the brief, and all required disclaimers are present."
64,a47a6c6347674c453231961811065bdd40ac97bc,supplement_melatonin,blog_post_promo.j2,NON_COMPLIANT,V2|V4,HIGH,"The output lacks the required DSHEA disclaimer ('These statements have not been evaluated by the Food and Drug Administration...'), and it uses the phrase 'might be worth exploring' which implies a recommendation not present in the brief."
65,02ed87d740a5543e1524e33b784c0f7bf8332d9f,supplement_melatonin,blog_post_promo.j2,NON_COMPLIANT,V2|V3,HIGH,"Missing required DSHEA disclaimer: 'These statements have not been evaluated by the Food and Drug Administration. This product is not intended to diagnose, treat, cure, or prevent any disease.' Additionally, the output lacks the 'results may vary' disclaimer for supplement category."
66,7b9b5b28c5bef672e27b2b86025e867942cf0ad1,supplement_melatonin,digital_ad.j2,NON_COMPLIANT,V4,HIGH,The phrase 'Trusted by thousands' in the description fabricates social proof not present in the brief.
67,20e2b34faaf98c280e264205d96798fb64f2941d,smartphone_mid,digital_ad.j2,COMPLIANT,,HIGH,"All claims and disclaimers in the output align with the brief, and no unauthorized claims or missing disclosures are present."
68,de8c24ef874ca118a7ac05c5ec437090a54c3bc8,cryptocurrency_corecoin,faq.j2,COMPLIANT,,HIGH,"The output accurately reflects the brief's authorized claims and includes all required disclaimers, such as risks of cryptocurrency investments and the importance of private key security."
69,016fe9837f724871863f57b429b96132a9d4c966,smartphone_mid,blog_post_promo.j2,COMPLIANT,,HIGH,"The output accurately reflects the brief's claims and includes all required disclaimers, such as variability in battery life and performance, and the need for internet connection for some AI features."
70,f64a200949e038b869d2a34189f96f413e5281c8,smartphone_mid,blog_post_promo.j2,COMPLIANT,,HIGH,The output accurately reflects the brief's authorized claims and includes all required disclaimers.
71,58746b8b854d0248001eb9c7f7d6a0f0e82bdd60,supplement_melatonin,digital_ad.j2,NON_COMPLIANT,V2,HIGH,"The output is missing the required DSHEA disclaimer: 'These statements have not been evaluated by the Food and Drug Administration. This product is not intended to diagnose, treat, cure, or prevent any disease.'"
72,e9b05cc723d10d94600dbc0fe5ffd225fe53b385,cryptocurrency_corecoin,blog_post_promo.j2,COMPLIANT,,HIGH,"The output accurately reflects the brief's authorized claims and includes all required disclaimers, such as investment risks and the non-guaranteed nature of staking rewards."
73,92e003a5a8d490e633fcba737f6009e62235f044,smartphone_mid,digital_ad.j2,COMPLIANT,,HIGH,"All claims are consistent with the brief, and required disclaimers are included verbatim."
74,7c367d6999a229b2c8dcd725ccc2fa8bfc99d59a,cryptocurrency_corecoin,faq.j2,COMPLIANT,,HIGH,"The output accurately reflects the brief's authorized claims and includes all required disclaimers, such as risks of cryptocurrency investments and the non-guarantee of staking rewards."
75,f95dd65ec2dec53d26d83feabec012fec1499579,cryptocurrency_corecoin,blog_post_promo.j2,COMPLIANT,,HIGH,"The output accurately reflects the brief's authorized claims and includes all required disclaimers, such as risks of cryptocurrency investments and the importance of private key security."
76,f03b8cff21f388e37598c419cbbd314536bb0233,supplement_melatonin,blog_post_promo.j2,NON_COMPLIANT,V2|V4,HIGH,Missing 'results may vary' disclaimer and 'Explore our Melatonin Tablets 3 mg today' implies urgency not in brief.
77,ce0d0213ef0c8dc7054d907a376236abc08c8ce0,cryptocurrency_corecoin,digital_ad.j2,COMPLIANT,,HIGH,"All claims are consistent with the authorized claims in the brief, and all required disclaimers are present."
78,302d46916676a2a476c2d59f2dade49a0f2d7ffd,supplement_melatonin,faq.j2,NON_COMPLIANT,V2,HIGH,"The output is missing the required DSHEA disclaimer: 'These statements have not been evaluated by the Food and Drug Administration. This product is not intended to diagnose, treat, cure, or prevent any disease.'"
79,a0c67fe3d258d74d1361adbcbc96e6074038697f,smartphone_mid,faq.j2,COMPLIANT,,HIGH,"All claims and disclaimers in the output align with the brief, and no unauthorized claims or missing disclosures are present."
80,3bbd067c682a64b7f5b4fb2ff1e6c8a7ce649289,cryptocurrency_corecoin,blog_post_promo.j2,COMPLIANT,,HIGH,"The output accurately reflects the brief's authorized claims and includes all required disclaimers, such as risks of cryptocurrency investments and the non-guaranteed nature of staking rewards."
81,6b75f1e96825f1e781d4edd3237d2d980cefb3d0,smartphone_mid,blog_post_promo.j2,COMPLIANT,,HIGH,The output accurately reflects the brief's authorized claims and includes all required disclaimers.
82,1a36d47d856e06332aa6fdc54ecb3af4b1397bc5,smartphone_mid,digital_ad.j2,COMPLIANT,,HIGH,"All claims and disclaimers in the output align with the brief, and required disclaimers are present."
83,ea65efe3236d8546665c35b2ae6412279c5624e0,smartphone_mid,faq.j2,COMPLIANT,,HIGH,"All claims and specifications in the output are consistent with the brief, and all required disclaimers are present."
84,76fdbb1a907f595cc6b352235993ffce76367a0f,supplement_melatonin,blog_post_promo.j2,NON_COMPLIANT,V2|V4,HIGH,Missing 'results may vary' disclaimer and 'Explore our clean-formula Melatonin Tablets 3 mg today' implies urgency not supported by the brief.
85,d92dfbeed08f439c524ac5cc0d4d6fcbacd223c3,cryptocurrency_corecoin,digital_ad.j2,NON_COMPLIANT,V4,HIGH,The phrase 'Discover why thousands trust decentralized value' fabricates social proof not present in the brief.
86,46c7371ab532d9c17d8a0e9acda38ba373e36fd7,cryptocurrency_corecoin,blog_post_promo.j2,COMPLIANT,,HIGH,The output accurately reflects the brief's authorized claims and includes all required disclaimers about risks and volatility.
87,da45d2f4faaf580d81ddd2b917c8fd54a04e1efa,smartphone_mid,faq.j2,COMPLIANT,,HIGH,"All claims are consistent with the brief, and required disclaimers are present."
88,6fe8b3fd794f50960f1b29938bdf148c73a981d8,supplement_melatonin,faq.j2,NON_COMPLIANT,V2,HIGH,"The output is missing the required DSHEA disclaimer: 'These statements have not been evaluated by the Food and Drug Administration. This product is not intended to diagnose, treat, cure, or prevent any disease.'"
89,da82442bf26c619391c86c6b85d1872cf6f4f3f7,supplement_melatonin,faq.j2,NON_COMPLIANT,V2,HIGH,"The output is missing the required DSHEA disclaimer: 'These statements have not been evaluated by the Food and Drug Administration. This product is not intended to diagnose, treat, cure, or prevent any disease.'"
90,7dafd52d59acaeeb0f7556728d3240e8cd496d02,smartphone_mid,blog_post_promo.j2,COMPLIANT,,HIGH,"All claims are supported by the brief, and required disclaimers are present."
91,d0c3e45f807bbb9e91d00bf7816980e633c5fbad,supplement_melatonin,digital_ad.j2,NON_COMPLIANT,V2|V4,HIGH,The ad lacks the required 'results may vary' disclaimer and uses 'trusted by thousands' which fabricates social proof not present in the brief.
92,44bf267b3b7c199e8c0803d1c449869bc1dcb49d,smartphone_mid,digital_ad.j2,COMPLIANT,,HIGH,"All claims in the ad copy are consistent with the authorized claims in the brief, and all required disclaimers are present."
93,36acbe5f5c118f734217855c8fcdf746cafc58ab,supplement_melatonin,blog_post_promo.j2,NON_COMPLIANT,V2|V4,HIGH,"The output lacks the required DSHEA disclaimer ('These statements have not been evaluated by the Food and Drug Administration...'), and the phrase 'Many adults turn to melatonin' implies social proof not substantiated in the brief."
94,0ef53a945bda3a0f7a2fac8347a532c64274a86e,supplement_melatonin,blog_post_promo.j2,NON_COMPLIANT,V2|V4,HIGH,"The output is missing the required DSHEA disclaimer ('These statements have not been evaluated by the Food and Drug Administration...'), and the phrase 'Explore this clean formula today' implies urgency not supported by the brief."
95,349d16a4593140192898636673c49689f908ee16,smartphone_mid,faq.j2,COMPLIANT,,HIGH,"All claims and disclaimers in the output align with the brief, and no unauthorized claims or missing disclosures are present."
96,f897cee574b6a36072eb088790b1468660d88791,supplement_melatonin,digital_ad.j2,NON_COMPLIANT,V2|V3,HIGH,The output lacks the required 'results may vary' disclaimer and makes an unauthorized claim by stating 'Feel relaxed and rested' without sufficient qualification in the brief.
97,92717f45ec93a38b22c3997c5486e50022b17638,cryptocurrency_corecoin,blog_post_promo.j2,COMPLIANT,,HIGH,"The output accurately reflects the brief's authorized claims and includes all required disclaimers, such as investment risks and the non-guaranteed nature of staking rewards."
98,0cd2610d2305a6f1f20ab8921a06263c9955c092,cryptocurrency_corecoin,faq.j2,COMPLIANT,,HIGH,The output accurately reflects the brief's authorized claims and includes all required disclaimers.
99,eca20dd91d6541b9aec5f365b4903ef13d06cfa1,cryptocurrency_corecoin,digital_ad.j2,COMPLIANT,,HIGH,"All claims in the ad are consistent with the authorized claims in the brief, and all required disclaimers are present."
100,0e3a52d1bfbae669d293ece35a005b0f8bf8c360,smartphone_mid,digital_ad.j2,NON_COMPLIANT,V4,HIGH,"""See why tech lovers choose Nova X5"" implies social proof not substantiated in the brief."
